year,percent_normal
2006,140.7057562645466
2017,143.58890230458292
1999,96.8015420422462
2020,83.88038742191192
2019,117.24565593994434
1997,131.512689056139
1993,127.7671580193395
1982,137.98404641044235
